namespace(train_mode='DFA', dataset='MNIST', epochs=5, batch_size=64, test_batch_size=1000, bp_lr=1, lr=0.0005, b_lr=0.0001, gamma=0.8, no_cuda=False, dry_run=False, seed=42, log_interval=10, save_model=True, device=device(type='cuda'))
Epoch,Training Loss,Test Loss,Test Accuracy
1,0.4193936884403229,0.164862784743309,95.35
2,0.14900410175323486,0.1166844017803669,96.84
3,0.11552106589078903,0.09792082458734512,97.29
4,0.09977389872074127,0.08934170380234718,97.48
5,0.09020435810089111,0.07971146926283837,97.69
